"","LLM","p0","p1","p2","p3","p4","p5","treatment","temperature","ci_lower_p0","ci_upper_p0","ci_lower_p1","ci_upper_p1","ci_lower_p2","ci_upper_p2","ci_lower_p3","ci_upper_p3","ci_lower_p4","ci_upper_p4","ci_lower_p5","ci_upper_p5"
"1","chatgpt4","0.01249788515572","0.968750013526017","0.0187502665999019","6.11572787014211e-07","6.11572787014211e-07","6.11572787014211e-07","human decision maker_human decision maker_0.25","0.25","0","0.0374959906943214","0.936250474788933","1","1.49329022924123e-40","0.0474969391231729","1.49329022924123e-40","2.51159331943779e-06","1.49329022924123e-40","2.51159331943779e-06","1.49329022924123e-40","2.51159332225374e-06"
"2","chatgpt4","0.0499996875292152","0.904997549980799","0.0449994907567786","1.09057773565052e-06","1.09057773565052e-06","1.09057773565052e-06","human decision maker_human decision maker_0.5","0.5","0.0124943773713464","0.087535841016047","0.853684861093691","0.948750148069435","0.0137516970281574","0.0850001932847096","2.55330969148646e-07","3.59846620809972e-06","2.55314142307219e-07","3.59846620809972e-06","2.55314142307219e-07","3.59846620809972e-06"
"3","chatgpt4","0.199345278465911","0.75006705841886","0.0500639638386064","0.000260935193286543","1.82994639653876e-06","0.000260934136939126","human decision maker_human decision maker_0.75","0.75","0.114200544632928","0.266640350362823","0.674997440966398","0.826707887260902","0.00981464797437464","0.0962984992317218","1.34906630186395e-06","0.0266909816071948","7.45025033210551e-07","8.7110449299628e-06","1.44070085778188e-06","0.0257154675388097"
