"","LLM","tau","var1","var2","var3","var4","var5","n","treatment","temperature","ci_lower_tau","ci_upper_tau","ci_lower_n","ci_upper_n"
"1","claude3","1.18367844435951","0.970588235294118","5.55882352941177","6.61764705882353","7.05882352941176","0.970588235294118","34","2_0.25","0.25","1.12224161432978","1.24889314084425","34","34"
"2","claude3","1.24167413863733","0.970588235294118","5.55882352941177","6.61764705882353","7.05882352941176","0.970588235294118","34","unknown_0.25","0.25","1.16648077083315","1.31109635108858","34","34"
"3","claude3","1.17413265413545","0.970588235294118","5.55882352941177","6.61764705882353","7.05882352941176","0.970588235294118","34","2_0.5","0.5","1.11470533656883","1.23764341616687","34","34"
"4","claude3","1.26060791209832","0.970588235294118","5.55882352941177","6.61764705882353","7.05882352941176","0.970588235294118","34","unknown_0.5","0.5","1.19360682809195","1.32939134799896","34","34"
"5","claude3","1.16096770026732","0.970588235294118","5.55882352941177","6.61764705882353","7.05882352941176","0.970588235294118","34","2_0.75","0.75","1.10227105188363","1.22498760963645","34","34"
"6","claude3","1.21242027382163","0.970588235294118","5.55882352941177","6.61764705882353","7.05882352941176","0.970588235294118","34","unknown_0.75","0.75","1.14720234475275","1.28858500038766","34","34"
