"","LLM","p0","p1","p2","p3","p4","p5","var1","var2","var3","var4","var5","n","treatment","temperature","ci_lower_p0","ci_upper_p0","ci_lower_p1","ci_upper_p1","ci_lower_p2","ci_upper_p2","ci_lower_p3","ci_upper_p3","ci_lower_p4","ci_upper_p4","ci_lower_p5","ci_upper_p5","ci_lower_n","ci_upper_n"
"1","claude2","0.999999755937359","4.88125271633706e-08","4.88125271633706e-08","4.88125327127128e-08","4.88125271633706e-08","4.88125271633706e-08","0.970588235294118","7.76470588235294","8.38235294117647","7.05882352941176","0.970588235294118","34","median_0.25","0.25","0.999999755937359","0.999999755937359","4.88125271633706e-08","4.88125271633706e-08","4.88125271633706e-08","4.88125271633706e-08","4.88125327127128e-08","4.88125327127128e-08","4.88125271633706e-08","4.88125271633706e-08","4.88125271633706e-08","4.88125271633706e-08","33.9983178884772","33.9983178884772"
"2","claude2","0.999999755937359","4.88125271633706e-08","4.88125271633706e-08","4.88125327127128e-08","4.88125271633706e-08","4.88125271633706e-08","0.970588235294118","7.76470588235294","8.38235294117647","7.05882352941176","0.970588235294118","34","median_0.5","0.5","0.999999755937359","0.999999755937359","4.88125271633706e-08","4.88125271633706e-08","4.88125271633706e-08","4.88125271633706e-08","4.88125327127128e-08","4.88125327127128e-08","4.88125271633706e-08","4.88125271633706e-08","4.88125271633706e-08","4.88125271633706e-08","33.9983178884772","33.9983178884772"
"3","claude2","0.999999755937359","4.88125271633706e-08","4.88125271633706e-08","4.88125327127128e-08","4.88125271633706e-08","4.88125271633706e-08","0.970588235294118","7.76470588235294","8.38235294117647","7.05882352941176","0.970588235294118","34","median_0.75","0.75","0.999999755937359","0.999999755937359","4.88125271633706e-08","4.88125271633706e-08","4.88125271633706e-08","4.88125271633706e-08","4.88125327127128e-08","4.88125327127128e-08","4.88125271633706e-08","4.88125271633706e-08","4.88125271633706e-08","4.88125271633706e-08","33.9983178884772","33.9983178884772"
