"","LLM","tau","var1","var2","var3","var4","var5","n","treatment","temperature","ci_lower_tau","ci_upper_tau","ci_lower_n","ci_upper_n"
"1","claude2","1.11292786317067e-48","0.970588235294118","0.970588235294118","0.970588235294118","0.970588235294118","0.970588235294118","34","median_0.25","0.25","1.11292786317067e-48","1.11292786317067e-48","34","34"
"2","claude2","1.11292786317067e-48","0.970588235294118","0.970588235294118","0.970588235294118","0.970588235294118","0.970588235294118","34","median_0.5","0.5","1.11292786317067e-48","1.11292786317067e-48","34","34"
"3","claude2","1.11292786317067e-48","0.970588235294118","0.970588235294118","0.970588235294118","0.970588235294118","0.970588235294118","34","median_0.75","0.75","1.11292786317067e-48","1.11292786317067e-48","34","34"
