"","LLM","tau","var1","var2","var3","var4","var5","n","treatment","temperature","ci_lower_tau","ci_upper_tau","ci_lower_n","ci_upper_n"
"1","claude2","1.11292786317067e-48","0.970588235294118","0.970588235294118","0.970588235294118","0.970588235294118","0.970588235294118","34","2_0.25","0.25","1.11292786317067e-48","1.11292786317067e-48","34","34"
"2","claude2","0.973492348947851","0.970588235294118","4.94117647058824","6.11764705882353","6.11764705882353","0.970588235294118","34","unknown_0.25","0.25","0.973492348947851","0.973492348947851","34","34"
"3","claude2","2.95522022561942e-48","0.970588235294118","0.970588235294118","0.970588235294118","0.970588235294118","0.970588235294118","34","2_0.5","0.5","1.11292786317067e-48","2.08370157633448e-47","34","34"
"4","claude2","0.913491351067763","0.970588235294118","4.94117647058824","6.11764705882353","6.11764705882353","0.970588235294118","34","unknown_0.5","0.5","0.873490268679221","0.95349199511192","34","34"
"5","claude2","2.08370157633448e-47","0.970588235294118","0.970588235294118","0.970588235294118","0.970588235294118","0.970588235294118","34","2_0.75","0.75","1.11292786317067e-48","3.90125218614729e-46","34","34"
"6","claude2","0.873490270327229","0.970588235294118","4.94117647058824","5.55882352941177","6.11764705882353","0.970588235294118","34","unknown_0.75","0.75","0.823489774024605","0.913491356716078","34","34"
