"","LLM","p0","p1","p2","p3","p4","p5","treatment","temperature","ci_lower_p0","ci_upper_p0","ci_lower_p1","ci_upper_p1","ci_lower_p2","ci_upper_p2","ci_lower_p3","ci_upper_p3","ci_lower_p4","ci_upper_p4","ci_lower_p5","ci_upper_p5"
"1","claude3","0.674966851729304","6.20883574811245e-06","0.292496450563128","1.48017147224818e-05","0.0325094783241055","6.20883299161464e-06","human decision maker__0.25","0.25","0.574991754978417","0.999989285738536","1.38167890958984e-13","9.08293051350329e-06","6.49100695692032e-10","0.388856141653278","4.20919469217188e-12","2.02887084390905e-05","1.02090979247698e-07","0.0824878591699324","1.38167924305377e-13","9.08295460457985e-06"
"2","claude3","0.69999841696696","1.22569961227852e-06","0.299991091483929","7.52837360352121e-06","5.11777633275193e-07","1.22569826225604e-06","human decision maker__0.5","0.5","0.587468593173491","0.999985006547409","5.05849748924436e-13","8.74744732504709e-06","7.70307299302385e-09","0.377881565903529","6.70747311675802e-11","1.80557308368964e-05","1.54297367153834e-07","0.0750699564453654","5.0584980213113e-13","8.74755796437441e-06"
"3","claude3","0.999856425321066","1.63874842707276e-13","4.42211994796742e-09","2.01858046029872e-10","0.000143570054628015","1.6387492731237e-13","human decision maker__0.75","0.75","0.666620084722531","0.999999997260678","5.12411595464593e-15","5.64116867427729e-06","2.18617117155651e-13","0.28512595948976","4.64030317710506e-13","2.22330591745133e-05","6.76272464330181e-10","0.0749896299690462","5.1241182229063e-15","5.64116758941731e-06"
