"","LLM","tau","treatment","temperature","ci_lower_tau","ci_upper_tau"
"1","claude3","1.22944276321964e-19","human decision maker__0.25","0.25","1.31438462358677e-25","1.14998999320793e-13"
"2","claude3","6.85616808391524e-19","human decision maker__0.5","0.5","2.87907067222729e-25","1.4047438308322e-12"
"3","claude3","1.96123050168269e-23","human decision maker__0.75","0.75","1.11256779944667e-29","1.59114884144244e-17"
