"","LLM","tau","var1","var2","var3","var4","var5","n","treatment","temperature","ci_lower_tau","ci_upper_tau","ci_lower_n","ci_upper_n"
"1","chatgpto1","2.52034556750805","0.961538461742492","6.15384615392973","6.46153846158547","6.34615384619335","0.961538461538788","26.0000000002207","onehalf_1","1","2.52034541756553","2.99205453924595","26.0000000000586","26.0000000185006"
"2","chatgpto1","0.951218952671716","14.1882352941176","7.24705882352941","2.89411764705882","0.988235294117644","0.988235294117647","85","fourthirds_1","1","0.744292314585281","0.96228481283489","68","68"
"3","chatgpto1","4.42966522648692","0.970588264184424","7.05882354469259","8.38235295075351","8.47058824208559","0.970588235320647","34.0000000306678","twothirds_1","1","4.00807616796219","4.76693250118434","34.0000000098895","34.0000000415708"
