"","LLM","p0","p1","p2","p3","p4","p5","var1","var2","var3","var4","var5","n","treatment","temperature","ci_lower_p0","ci_upper_p0","ci_lower_p1","ci_upper_p1","ci_lower_p2","ci_upper_p2","ci_lower_p3","ci_upper_p3","ci_lower_p4","ci_upper_p4","ci_lower_p5","ci_upper_p5","ci_lower_n","ci_upper_n"
"1","chatgpto1","1.02338110119504e-05","1.35881327405574e-05","0.870028809362025","1.67811971075016e-05","1.36144199462926e-05","0.129916973077169","0.961538461538461","6.46153846153846","4.61538461538461","2.65384615384615","0.961538461538462","26","onehalf_1","1","0","0.000169343374156905","3.18334829446349e-33","1.74940364751389e-05","0.81006964929225","1","6.60671180877672e-33","2.26135026450892e-05","6.11937295224499e-33","2.39591545449062e-05","5.96073782045006e-30","0.179971782326918","25.9983342707771","25.9983342707771"
"2","chatgpto1","0.424357855501282","0.575638869290909","3.16040522893491e-06","1.14802580078526e-07","0","0","22.5544554455446","10.5742574257426","0.990099009900991","0","0","101","fourthirds_1","1","0.302915946992558","0.536597202069958","0.463385056191268","0.697074898328899","2.44495672667433e-06","1.33677955616202e-05","8.14400459651344e-08","3.71225495468229e-05","6.11937295224499e-33","2.39591545449062e-05","5.96073782045006e-30","0.179971782326918","101.000067508221","101.000067508221"
"3","chatgpto1","1.97246093835979e-06","4.50039996565854e-08","0.24928092050824","0.370660753180668","8.9964147755375e-08","0.380056218882006","0.970588235294118","7.76470588235294","8.38235294117647","7.05882352941176","0.970588235294118","34","twothirds_1","1","1.49583301456424e-07","4.78648477789112e-05","1.35501519058652e-14","3.94841066648684e-05","0.154967077709272","0.334244918177141","0.288407693708907","0.476683467011152","5.88339540531677e-12","1.37058567078802e-05","0.299999191851546","0.460021344857595","33.9998096794444","33.9998096794444"
