"","LLM","tau","var1","var2","var3","var4","var5","n","treatment","temperature","ci_lower_tau","ci_upper_tau","ci_lower_n","ci_upper_n"
"1","gemini1","1.11292786317067e-48","0.961538461538461","0.961538461538461","0.961538461538461","0.961538461538461","0.961538461538462","26","onehalf_0.5","0.5","1.11292786317067e-48","1.11292786317067e-48","26","26"
"2","gemini1","1.11292786317067e-48","0.961538461538461","0.961538461538461","0.961538461538461","0.961538461538461","0.961538461538462","26","onehalf_0.25","0.25","1.11292786317067e-48","1.11292786317067e-48","26","26"
"3","gemini1","1.11292786317067e-48","0.961538461538461","0.961538461538461","0.961538461538461","0.961538461538461","0.961538461538462","26","onehalf_0.75","0.75","1.11292786317067e-48","1.11292786317067e-48","26","26"
"4","gemini1","1.11292609181859e-48","0.985294117647055","0.985294117647055","0.985294117647055","0.985294117647055","0.985294117647059","68","fourthirds_0.5","0.5","1.11292571224351e-48","1.11292634486871e-48","68","68"
"5","gemini1","1.11292545919352e-48","0.985294117647055","0.985294117647055","0.985294117647055","0.985294117647055","0.985294117647059","68","fourthirds_0.25","0.25","1.11292507961866e-48","1.11292571224351e-48","68","68"
"6","gemini1","1.11292634486871e-48","0.985294117647055","0.985294117647055","0.985294117647055","0.985294117647055","0.985294117647059","68","fourthirds_0.75","0.75","1.11292596529354e-48","1.11292673077026e-48","68","68"
"7","gemini1","0.855717050168406","0.970588235294118","4.94117647058824","5.55882352941177","6.11764705882353","0.970588235294118","34","twothirds_0.5","0.5","0.794253787682218","0.905739367474141","34","34"
"8","gemini1","0.936600664942653","0.970588235294118","4.94117647058824","6.11764705882353","6.11764705882353","0.970588235294118","34","twothirds_0.25","0.25","0.885864236786354","0.967495132587443","34","34"
"9","gemini1","0.824804530261815","0.970588235294118","4.94117647058824","5.55882352941177","6.11764705882353","0.970588235294118","34","twothirds_0.75","0.75","0.766142634585302","0.885786634123946","34","34"
