"","LLM","tau","var1","var2","var3","var4","var5","n","treatment","temperature","ci_lower_tau","ci_upper_tau","ci_lower_n","ci_upper_n"
"1","gemini2","1.85557536548694","0.970588235294118","6.11764705882353","7.44117647058823","8.02941176470588","0.970588235294118","34","2_0.5","0.5","1.7938358299848","1.91026273654785","34","34"
"2","gemini2","1.86151141394032","0.970588235294118","6.11764705882353","7.44117647058823","8.02941176470588","0.970588235294118","34","2_0.25","0.25","1.80696250597385","1.91383815909769","34","34"
"3","gemini2","1.67684035114773","0.970588235294118","6.11764705882353","7.44117647058823","7.76470588235294","0.970588235294118","34","2_0.75","0.75","1.60003068310866","1.75240216967509","34","34"
"4","gemini2","2.22034340582554","0.970588235256546","6.11764705880021","7.76470588233624","8.23529411763326","0.970588235294083","33.9999999999601","unknown_0.5","0.5","2.05674276340663","2.41177868361543","33.9999999998919","33.9999999999798"
"5","gemini2","1.96852368355661","0.970588235294118","6.11764705882353","7.44117647058823","8.02941176470588","0.970588235294118","34","unknown_0.25","0.25","1.96684172482665","1.97020884653796","34","34"
"6","gemini2","2.21479325935932","0.970588232668824","6.11764705719387","7.76470588118614","8.23529411668276","0.970588235291707","33.9999999972132","unknown_0.75","0.75","2.07545508817579","2.3763574459739","33.999999994023","33.9999999999197"
