"","LLM","p0","p1","p2","p3","p4","p5","treatment","temperature","ci_lower_p0","ci_upper_p0","ci_lower_p1","ci_upper_p1","ci_lower_p2","ci_upper_p2","ci_lower_p3","ci_upper_p3","ci_lower_p4","ci_upper_p4","ci_lower_p5","ci_upper_p5"
"1","chatgpt4","1.16058691967957e-06","0.920000178923651","0.0799986312942789","9.73171668193115e-09","9.73171668193115e-09","9.73171668193115e-09","human decision maker_human decision maker_0.25","0.25","5.59940324917907e-07","7.34799908755357e-06","0.879999429181789","0.959998498765444","0.0399996802652537","0.119999393581718","2.78763693142343e-09","8.70507922436133e-08","2.78763693142343e-09","8.70507922436133e-08","2.78763693142343e-09","8.70507922436133e-08"
"2","chatgpt4","0.0285641870713194","0.86714503494832","0.0771429800009854","0.0271421061986187","2.84613209556467e-06","2.8456486609109e-06","human decision maker_human decision maker_0.5","0.5","3.17344020989152e-06","0.0713826851620964","0.8142893010245","0.918572610167074","0.0357106043528111","0.119999272639315","0.00283746143477914","0.0571363274337487","3.41359763197723e-08","5.64979673140485e-06","3.41359763197723e-08","5.64979673140484e-06"
"3","chatgpt4","0.0833172444146781","0.8916560258321","0.0216724561976378","0.00167434447626181","0.00167432341700517","5.60566231741986e-06","human decision maker_human decision maker_0.75","0.75","0.0249992134243949","0.128561565747079","0.835676683869297","0.945743795019076","3.12513230164992e-06","0.0542771288166185","7.0129657028042e-07","0.0214323422505854","7.82043946149388e-07","0.0216674541366646","5.33781934245631e-07","6.27005055709037e-06"
