"","dataset","p0","p1","p2","p3","p4","p5","var1","var2","var3","var4","var5","n","treatment","temperature","ci_lower_p0","ci_upper_p0","ci_lower_p1","ci_upper_p1","ci_lower_p2","ci_upper_p2","ci_lower_p3","ci_upper_p3","ci_lower_p4","ci_upper_p4","ci_lower_p5","ci_upper_p5","ci_lower_n","ci_upper_n"
"1","gn","0.70469895402076","3.3453597881698e-09","0.0864247436430498","4.05401024213193e-05","0.0967380952223988","0.11209766366601","0.970588235294118","7.76470588235294","8.38235294117647","7.05882352941176","0.970588235294118","34","twothirds_","NA","0.602813736785719","0.999999888607465","1.66981069980861e-23","3.11081975489735e-05","4.12114957496908e-13","0.127994335774829","2.71842737027567e-13","0.12072190169916","2.7544812010511e-12","0.136162160393946","7.87891060146568e-15","0.151277909423659","33.9980186311464","33.9980186311464"
