"","LLM","tau","var1","var2","var3","var4","var5","n","treatment","temperature","ci_lower_tau","ci_upper_tau","ci_lower_n","ci_upper_n"
"1","gn","5.1687660820893e-30","0.970588236611418","0.970588236611418","0.970588236611418","0.970588236611418","0.970588235295327","34.0000000013983","twothirds_","NA","2.53716010005248e-37","1.06456716774408e-22","34.0000000007952","34.0000000020123"
