"","LLM","tau","var1","var2","var3","var4","var5","n","treatment","temperature","ci_lower_tau","ci_upper_tau","ci_lower_n","ci_upper_n"
"1","gemini1","1.11292786317067e-48","0.970588235294118","0.970588235294118","0.970588235294118","0.970588235294118","0.970588235294118","34","2_0.5","0.5","1.11292786317067e-48","1.11292786317067e-48","34","34"
"2","gemini1","1.11292786317067e-48","0.970588235294118","0.970588235294118","0.970588235294118","0.970588235294118","0.970588235294118","34","2_0.25","0.25","1.11292786317067e-48","1.11292786317067e-48","34","34"
"3","gemini1","1.11292786317067e-48","0.970588235294118","0.970588235294118","0.970588235294118","0.970588235294118","0.970588235294118","34","2_0.75","0.75","1.11292786317067e-48","1.11292786317067e-48","34","34"
"4","gemini1","0.77348899002321","0.970588235294118","4.94117647058824","5.55882352941177","5.55882352941177","0.970588235294118","34","unknown_0.5","0.5","0.70348805969131","0.843490069782266","34","34"
"5","gemini1","0.903491209948918","0.970588235294118","4.94117647058824","6.11764705882353","6.11764705882353","0.970588235294118","34","unknown_0.25","0.25","0.863490126117061","0.94349185118449","34","34"
"6","gemini1","0.673487657413444","0.970588235294118","4.26470588235294","4.94117647058824","5.55882352941177","0.970588235294118","34","unknown_0.75","0.75","0.603486728565306","0.753488681201324","34","34"
