"","LLM","tau","var1","var2","var3","var4","var5","n","treatment","temperature","ci_lower_tau","ci_upper_tau","ci_lower_n","ci_upper_n"
"1","claude3","1.49999948916569","0.961538461538461","5.53846153846154","6.34615384615385","6.46153846153846","0.961538461538462","26","onehalf_0.25","0.25","1.49999927484088","1.49999995986608","26","26"
"2","claude3","2.86685444338775","0.970588235294118","6.61764705882353","8.02941176470588","8.38235294117647","0.970588235294118","34","twothirds_0.25","0.25","2.86685213383698","2.86685826150607","34","34"
"3","claude3","7.65293286591209e-44","0.985294117647055","0.985294117647055","0.985294117647055","0.985294117647055","0.985294117647059","68","fourthirds_0.25","0.25","7.679716483435e-46","1.88285145683932e-41","68","68"
"4","claude3","1.49999946964692","0.961538461538461","5.53846153846154","6.34615384615385","6.46153846153846","0.961538461538462","26","onehalf_0.5","0.5","1.30638580657312","1.56874566187858","26","26"
"5","claude3","2.86685843675854","0.970588235294118","6.61764705882353","8.02941176470588","8.38235294117647","0.970588235294118","34","twothirds_0.5","0.5","2.86685843675854","2.86685843675854","34","34"
"6","claude3","7.60995493963271e-44","0.985294117647055","0.985294117647055","0.985294117647055","0.985294117647055","0.985294117647059","68","fourthirds_0.5","0.5","7.65907492120751e-46","1.86664628139765e-41","68","68"
"7","claude3","1.49999966178635","0.961538461538461","5.53846153846154","6.34615384615385","6.46153846153846","0.961538461538462","26","onehalf_0.75","0.75","1.49999925866153","1.56874538621797","26","26"
"8","claude3","2.86685843675854","0.970588235294118","6.61764705882353","8.02941176470588","8.38235294117647","0.970588235294118","34","twothirds_0.75","0.75","2.86685843675854","2.86685843675854","34","34"
"9","claude3","7.54668956417088e-44","0.985294117647055","0.985294117647055","0.985294117647055","0.985294117647055","0.985294117647059","68","fourthirds_0.75","0.75","7.61367660036658e-46","7.52292783223379e-42","68","68"
