"","LLM","tau","var1","var2","var3","var4","var5","n","treatment","temperature","ci_lower_tau","ci_upper_tau","ci_lower_n","ci_upper_n"
"1","chatgpt4","0.963492196835289","0.970588235294118","4.94117647058824","6.11764705882353","6.11764705882353","0.970588235294118","34","2_0.25","0.25","0.943491853720303","0.973492348947851","34","34"
"2","chatgpt4","0.980958829233018","0.970588235297122","4.9411764705904","6.1176470588254","6.61764705882525","0.97058823529412","34.0000000000032","unknown_0.25","0.25","0.908018930913197","1.06436373254229","33.999999999985","34.0000000000037"
"3","chatgpt4","0.866792983637898","0.970588235457949","4.94117647070618","5.55882352952144","6.11764705892523","0.970588235294268","34.0000000001739","2_0.5","0.5","0.798080276685915","0.937522813196654","34","34.000000000461"
"4","chatgpt4","0.833469437707885","0.970588235435065","4.94117647068971","5.55882352950612","6.11764705891102","0.970588235294247","34.0000000001496","unknown_0.5","0.5","0.682206752800299","1.00334826583032","33.9999999999884","34.0000000005021"
"5","chatgpt4","0.630962768037068","0.970588235294118","4.26470588235294","4.94117647058824","4.94117647058824","0.970588235294118","34","2_0.75","0.75","0.50429038301176","0.765329501936876","34","34"
"6","chatgpt4","1.08951383367773","0.97058823515125","4.94117647048538","6.11764705873484","6.61764705874154","0.970588235293986","33.9999999998483","unknown_0.75","0.75","0.759120874672141","1.35907016586662","33.9999999990927","34"
