"","mrg","p0","p1","p2","p3","p4","p5","treatment","temperature","ci_lower_p0","ci_upper_p0","ci_lower_p1","ci_upper_p1","ci_lower_p2","ci_upper_p2","ci_lower_p3","ci_upper_p3","ci_lower_p4","ci_upper_p4","ci_lower_p5","ci_upper_p5"
"1","mrg","0.259260017034935","0.038888399932162","0.0944449588057606","0.270370378413917","0.298148076478254","0.0388881693349719","game1","NA","0.165903696832281","0.355593290091028","0.0003391860206244","0.0814687080990419","0.0444443493366413","0.149996966251196","0.198151817543491","0.359257651290395","0.214720638796797","0.381481816054694","0.00185135715784935","0.0814761374844732"
