"","mrg","p0","p1","p2","p3","p4","p5","treatment","temperature","ci_lower_p0","ci_upper_p0","ci_lower_p1","ci_upper_p1","ci_lower_p2","ci_upper_p2","ci_lower_p3","ci_upper_p3","ci_lower_p4","ci_upper_p4","ci_lower_p5","ci_upper_p5"
"1","mrg","0.226415133430826","0.128301828319075","0.373583212218206","0.184907660467759","0.0716980940772854","0.0150940714868489","game3","NA","0.0755345868183449","0.351510440801407","0.0452832923537856","0.215088884819403","0.26398794518231","0.488006947648689","0.094406206416827","0.283098924636075","0.0113653408587249","0.147806701365777","7.32953620649362e-06","0.0641481205396715"
