"","LLM","tau","var1","var2","var3","var4","var5","n","treatment","temperature","ci_lower_tau","ci_upper_tau","ci_lower_n","ci_upper_n"
"1","bosch","3.01466884530866","0.970588144832714","6.61764700690583","8.02941172807275","8.47058820837998","0.970588235211049","33.999999903973","unknown_","NA","2.91387857163791","3.12049571380271","33.9999998796758","33.9999999408347"
