"","dataset","p0","p1","p2","p3","p4","p5","var1","var2","var3","var4","var5","n","treatment","temperature","ci_lower_p0","ci_upper_p0","ci_lower_p1","ci_upper_p1","ci_lower_p2","ci_upper_p2","ci_lower_p3","ci_upper_p3","ci_lower_p4","ci_upper_p4","ci_lower_p5","ci_upper_p5","ci_lower_n","ci_upper_n"
"1","bosch","0.224652160246774","0.0895469951002074","0.176788801121006","0.0921175102261205","0.171154986774115","0.245739546531776","0.969116344458751","7.76405170864833","8.38204883149974","7.05868836955544","0.970586883695554","33.9984376238589","unknown_","NA","0.199977032126668","0.248787555317824","0.0762840903099461","0.102700866422689","0.155832094963675","0.197106870693885","0.071958715496301","0.114880967846414","0.147486831029723","0.192968050549741","0.226342275881526","0.26608904053562","33.9999107796074","33.9999107796074"
