"","LLM","p0","p1","p2","p3","p4","p5","treatment","temperature","ci_lower_p0","ci_upper_p0","ci_lower_p1","ci_upper_p1","ci_lower_p2","ci_upper_p2","ci_lower_p3","ci_upper_p3","ci_lower_p4","ci_upper_p4","ci_lower_p5","ci_upper_p5"
"1","claude3","0.999999997530852","2.80939703881994e-13","2.75543373065561e-10","2.80939703881994e-13","2.80939703881994e-13","2.19276143952084e-09","human decision maker__0.25","0.25","0.954774270855319","0.999999999997145","8.4527151377687e-15","2.74559865669169e-06","3.32587174116394e-15","0.0450575261201352","8.45271513776865e-15","2.74559865669169e-06","8.45271513776865e-15","2.74559865669169e-06","1.40508411342868e-12","2.42589508458989e-05"
"2","claude3","0.999999999985093","7.65874231250131e-15","2.56822576876416e-14","7.65874231250131e-15","7.65874231250131e-15","1.48582423512498e-11","human decision maker__0.5","0.5","0.999985976395617","1","2.07489243346119e-30","4.6040266951207e-08","6.44092050890918e-23","1.3178575055391e-05","2.07489243346119e-30","4.6040266951207e-08","2.07489243346119e-30","4.6040266951207e-08","5.4564064709276e-22","2.76566659988717e-06"
"3","claude3","0.999999997530849","2.80940100026009e-13","2.75543555427999e-10","2.80940127107009e-13","2.80940100026009e-13","2.19276447137119e-09","human decision maker__0.75","0.75","0.999242002204","0.999999999997171","8.40593849850485e-15","2.81777563214779e-06","2.09924207874988e-15","0.000717740398853828","8.40593849850485e-15","2.81777563214778e-06","8.40593849850485e-15","2.81777563214778e-06","1.13073572649994e-12","1.96532299239556e-05"
