"","LLM","tau","treatment","temperature","ci_lower_tau","ci_upper_tau"
"1","claude3","4.9123521377738e-27","human decision maker__0.25","0.25","5.25174638200568e-33","4.59489152950298e-21"
"2","claude3","9.10800824807654e-31","human decision maker__0.5","0.5","5.4301375991934e-36","1.52769267319033e-25"
"3","claude3","4.91235297547854e-27","human decision maker__0.75","0.75","2.92871381245407e-32","1.01249944136427e-21"
