"","LLM","p0","p1","p2","p3","p4","p5","treatment","temperature","ci_lower_p0","ci_upper_p0","ci_lower_p1","ci_upper_p1","ci_lower_p2","ci_upper_p2","ci_lower_p3","ci_upper_p3","ci_lower_p4","ci_upper_p4","ci_lower_p5","ci_upper_p5"
"1","chatgpto1","0.0749909142426599","0.522501106436417","0.402501349395742","2.20997506027962e-06","2.20997506027962e-06","2.20997506027962e-06","human decision maker_human decision maker_1","1","0.0249975310235014","0.124986701386521","0.438751560326076","0.60630776874612","0.32214582934178","0.484118400515758","4.18974742393285e-07","4.03822887258148e-06","4.18975718184371e-07","4.03822887258148e-06","4.18975054651645e-07","4.03822887258148e-06"
