,dataset,p0,p1,p2,p3,p4,p5,var1,var2,var3,var4,var5,n,treatment,temperature,ci_lower_p0,ci_upper_p0,ci_lower_p1,ci_upper_p1,ci_lower_p2,ci_upper_p2,ci_lower_p3,ci_upper_p3,ci_lower_p4,ci_upper_p4,ci_lower_p5,ci_upper_p5,ci_lower_n,ci_upper_n
1,nagel,0.45021753,0.110653621,0.434678655,0.004412864,2.26E-05,1.47E-05,0.961538462,6.461538462,4.615384615,2.653846154,0.961538462,26,onehalf_,NA,0.300708154,0.589728246,0.029697882,0.194454494,0.293370863,0.570733889,1.20E-06,0.06927584,5.15E-08,5.85E-05,4.03E-08,4.42E-05,25.99982806,25.99982806
2,nagel,0.637322357,0.11846482,0.225438607,1.94E-05,0.018752526,2.28E-06,0.970588235,7.764705882,8.382352941,7.058823529,0.970588235,34,twothirds_,NA,0.497516446,0.956723631,1.30E-06,0.197591482,1.86E-07,0.336786827,1.53E-09,0.027656663,3.53E-08,0.078802219,1.73E-12,2.05E-05,33.99990028,33.99990028
3,nagel,0.515629579,0.377591363,0.048519721,0.058259337,0,0,22.55445545,10.57425743,0.99009901,0,0,101,fourthirds_,NA,0.340089967,0.678505821,0.229694864,0.520800651,2.28E-05,0.126687722,5.44E-05,0.123372919,3.53E-08,0.078802219,1.73E-12,2.05E-05,100.9999249,100.9999249