"","LLM","tau","var1","var2","var3","var4","var5","n","treatment","temperature","ci_lower_tau","ci_upper_tau","ci_lower_n","ci_upper_n"
"1","nagel","1.08333375936457","0.961538461534225","5.53846153845934","6.15384615384442","6.15384615384442","0.961538461538455","25.9999999999954","onehalf_","NA","2.12053459046957e-07","2.14067956754663","25.9999999998535","26.0000000000043"
"2","nagel","5.61591139352625e-09","0.970588235288761","0.970588235288761","0.970588235288761","0.970588235288761","0.970588235294113","33.9999999999943","twothirds_","NA","1.861356428584e-14","1.09152926317465","33.9999999999835","34.000000000007"
"3","nagel","0.357717316967506","7.14666666666667","1.94666666666666","0.986666666666665","0.986666666666665","0.986666666666667","75","fourthirds_","NA","5.9923935164137e-13","0.56882842596774","68","68"
