"","LLM","p0","p1","p2","p3","p4","p5","treatment","temperature","ci_lower_p0","ci_upper_p0","ci_lower_p1","ci_upper_p1","ci_lower_p2","ci_upper_p2","ci_lower_p3","ci_upper_p3","ci_lower_p4","ci_upper_p4","ci_lower_p5","ci_upper_p5"
"1","gemini1","0.999999755936193","4.88127602362595e-08","4.88127602362595e-08","4.88127602362595e-08","4.88127602362595e-08","4.88127657856281e-08","human decision maker_human decision maker_0.5","0.5","0.999999755936193","0.999999755936193","4.88127602362595e-08","4.88127602362595e-08","4.88127602362595e-08","4.88127602362595e-08","4.88127602362595e-08","4.88127602362595e-08","4.88127602362595e-08","4.88127602362595e-08","4.88127657856281e-08","4.88127657856281e-08"
"2","gemini1","0.999999755936193","4.88127602362595e-08","4.88127602362595e-08","4.88127602362595e-08","4.88127602362595e-08","4.88127657856281e-08","human decision maker_human decision maker_0.25","0.25","0.999999755936193","0.999999755936193","4.88127602362595e-08","4.88127602362595e-08","4.88127602362595e-08","4.88127602362595e-08","4.88127602362595e-08","4.88127602362595e-08","4.88127602362595e-08","4.88127602362595e-08","4.88127657856281e-08","4.88127657856281e-08"
"3","gemini1","0.999999755936193","4.88127602362595e-08","4.88127602362595e-08","4.88127602362595e-08","4.88127602362595e-08","4.88127657856281e-08","human decision maker_human decision maker_0.75","0.75","0.999999755936193","0.999999755936193","4.88127602362595e-08","4.88127602362595e-08","4.88127602362595e-08","4.88127602362595e-08","4.88127602362595e-08","4.88127602362595e-08","4.88127602362595e-08","4.88127602362595e-08","4.88127657856281e-08","4.88127657856281e-08"
