"","LLM","tau","var1","var2","var3","var4","var5","n","treatment","temperature","ci_lower_tau","ci_upper_tau","ci_lower_n","ci_upper_n"
"1","hs","2.45902302210921","0.97058823480225","6.61764705854124","8.0294117645067","8.38235294101342","0.970588235293666","33.9999999994779","median_","NA","2.94132356868998e-39","2.45902383557696","33.9999999963273","33.9999999999959"
