"","LLM","p0","p1","p2","p3","p4","p5","var1","var2","var3","var4","var5","n","treatment","temperature","ci_lower_p0","ci_upper_p0","ci_lower_p1","ci_upper_p1","ci_lower_p2","ci_upper_p2","ci_lower_p3","ci_upper_p3","ci_lower_p4","ci_upper_p4","ci_lower_p5","ci_upper_p5","ci_lower_n","ci_upper_n"
"1","hs","0.270465211716866","0.0653931378945865","0.345427106083109","0.198480936177655","0.102308699858668","0.0179249082691159","0.970588228001363","7.76470587911172","8.3823529396697","7.05882352874209","0.970588235287421","33.9999999922586","median_","NA","0.173372533381213","0.355343484852513","0.0258731209930747","0.111024488281682","0.257825088850545","0.437576695600018","0.108774121299807","0.298810830469321","0.0333304909349818","0.179359535308142","1.73288720685813e-06","0.0471055243436519","33.9997946452292","33.9997946452292"
