"","LLM","tau","var1","var2","var3","var4","var5","n","treatment","temperature","ci_lower_tau","ci_upper_tau","ci_lower_n","ci_upper_n"
"1","chatgpt4","1.09153561584117","0.970588235294118","4.94117647058824","6.61764705882353","6.61764705882353","0.970588235294118","34","median_0.25","0.25","0.965327863924013","1.10526309224646","34","34"
"2","chatgpt4","1.0915291811889","0.970588235294118","4.94117647058824","6.61764705882353","6.61764705882353","0.970588235294118","34","median_0.5","0.5","0.800938233616678","1.35630755816955","34","34"
"3","chatgpt4","1.09152874333317","0.97058823528875","4.94117647058437","6.61764705882045","6.61764705882045","0.970588235294113","33.9999999999943","median_0.75","0.75","0.266768395263063","1.35630787675093","33.9999999999812","34.0000000000148"
