"","LLM","p0","p1","p2","p3","p4","p5","var1","var2","var3","var4","var5","n","treatment","temperature","ci_lower_p0","ci_upper_p0","ci_lower_p1","ci_upper_p1","ci_lower_p2","ci_upper_p2","ci_lower_p3","ci_upper_p3","ci_lower_p4","ci_upper_p4","ci_lower_p5","ci_upper_p5","ci_lower_n","ci_upper_n"
"1","chatgpt4","0.0282878042070283","0.79556094738622","0.106280960812756","0.0698683177050615","7.58382829335378e-07","1.21150610476945e-06","0.970588235294118","7.76470588235294","8.38235294117647","7.05882352941176","0.970588235294118","34","median_0.25","0.25","1.6354562824672e-06","0.0609561385972153","0.725980507472416","0.858379547515863","0.0495440237830135","0.165752627461237","0.024961375102747","0.120452184206747","5.00010405614405e-08","3.62074872918414e-05","4.39240655307041e-08","2.70308705354682e-05","34.0002538719401","34.0002538719401"
"2","chatgpt4","0.207207060042819","0.48939237621711","0.204215972589309","0.0991833410164024","3.61932559975938e-07","8.88201799872052e-07","0.970588235294118","7.76470588235294","8.38235294117647","7.05882352941176","0.970588235294118","34","median_0.5","0.5","0.132213978907398","0.285136999436487","0.403489622889782","0.567369310689929","0.130977342990412","0.282797807279078","0.0452918818330956","0.16233445985068","1.89585673162603e-07","5.11665652515764e-05","1.37470711218386e-08","6.65912474210505e-05","34.0000776947016","34.0000776947016"
"3","chatgpt4","0.492088225909334","0.206665757425395","0.276539293618474","0.0247011929055666","5.52289076468944e-06","7.2504658869875e-09","0.970588235294118","7.76470588235294","8.38235294117647","7.05882352941176","0.970588235294118","34","median_0.75","0.75","0.38039397737775","0.999980838058021","3.13914830709699e-07","0.28003423939557","1.22838544540953e-06","0.366486466673731","4.00826518766889e-07","0.081011910256605","9.69015329473529e-09","5.13937176122384e-05","7.48685798985167e-10","0.0169006505734021","33.9998822998373","33.9998822998373"
