"","LLM","p0","p1","p2","p3","p4","p5","var1","var2","var3","var4","var5","n","treatment","temperature","ci_lower_p0","ci_upper_p0","ci_lower_p1","ci_upper_p1","ci_lower_p2","ci_upper_p2","ci_lower_p3","ci_upper_p3","ci_lower_p4","ci_upper_p4","ci_lower_p5","ci_upper_p5","ci_lower_n","ci_upper_n"
"1","chatgpto1","5.68890687013823e-06","1.22716318746788e-05","0.129894979680122","1.94732165007708e-05","1.25199194622026e-05","0.87005506664517","0.987109370721024","7.77204860920934","8.3857663989093","7.06034062173747","0.970603406217375","34.0175466380409","2_1","1","8.45393755000146e-11","1.66280121347839e-05","2.24645012553103e-13","1.84210900051488e-05","0.0799855021785344","0.189938930579127","1.86661314994807e-13","4.10586804640663e-05","2.2471900152789e-13","1.87324108753203e-05","0.810002507174563","0.920002423355274","34.0000740431602","34.0000740431602"
"2","chatgpto1","1.34055437883696e-06","2.83184068038252e-08","0.54294675648705","0.137093783721708","1.31975770488448e-06","0.319956771160751","1.02336492347377","7.78816218821057","8.39325721559375","7.06366987359722","0.970636698735972","34.0561162046542","unknown_1","1","1.7341014781902e-07","4.68223985199079e-05","1.40214436059798e-10","3.79008264327719e-05","0.464135335847747","0.625099240865897","0.0687064242233663","0.200354842084179","1.32021404808539e-09","4.26763694329415e-05","0.249994291763691","0.399999998060818","33.9995782763342","33.9995782763342"
