"","LLM","tau","var1","var2","var3","var4","var5","n","treatment","temperature","ci_lower_tau","ci_upper_tau","ci_lower_n","ci_upper_n"
"1","chatgpto1","7.09131751108332","0.970588360731964","7.05882359575905","8.47058827261447","8.23529414022357","0.970588235409304","34.0000001331553","2_1","1","6.42147977772048","8.00638945748328","34.0000000827531","34.0000001600581"
"2","chatgpto1","3.43210146538492","0.970588270391071","6.61764707896641","8.2352941305385","8.50000000931407","0.970588235326346","34.0000000372563","unknown_1","1","3.10953591119657","3.76041963255008","34.0000000233","34.0000000455511"
