"","LLM","tau","var1","var2","var3","var4","var5","n","treatment","temperature","ci_lower_tau","ci_upper_tau","ci_lower_n","ci_upper_n"
"1","chatgpt4","0.562499901285482","0.961538461538461","4.03846153846154","4.61538461538461","5.11538461538462","0.961538461538462","26","onehalf_0.25","0.25","0.562499743672969","0.785714261684656","26","26"
"2","chatgpt4","2.54167628532483","0.970588235294118","6.61764705882353","8.02941176470588","8.38235294117647","0.970588235294118","34","twothirds_0.25","0.25","2.44859042506651","2.65731850195128","34","34"
"3","chatgpt4","1.32715662820259e-48","0.985294117647055","0.985294117647055","0.985294117647055","0.985294117647055","0.985294117647059","68","fourthirds_0.25","0.25","1.2974191401564e-48","1.3570081835863e-48","68","68"
"4","chatgpt4","0.562499877244647","0.961538461538461","4.03846153846154","4.61538461538461","5.11538461538462","0.961538461538462","26","onehalf_0.5","0.5","0.562499524374056","0.785714186743932","26","26"
"5","chatgpt4","2.38983119655675","0.970588235294118","6.61764705882353","7.76470588235294","8.23529411764706","0.970588235294118","34","twothirds_0.5","0.5","2.24192461713501","2.44860195523229","34","34"
"6","chatgpt4","6.75788023173231e-48","0.985294117647055","0.985294117647055","0.985294117647055","0.985294117647055","0.985294117647059","68","fourthirds_0.5","0.5","1.23973664836136e-48","3.83231909362844e-47","68","68"
"7","chatgpt4","0.562499805210543","0.961538461538461","4.03846153846154","4.61538461538461","5.11538461538462","0.961538461538462","26","onehalf_0.75","0.75","0.562499487799075","0.785714224042541","26","26"
"8","chatgpt4","2.38983103299176","0.970588235294118","6.61764705882353","7.76470588235294","8.23529411764706","0.970588235294118","34","twothirds_0.75","0.75","2.11893738918841","2.45191830247981","34","34"
"9","chatgpt4","1.48906432508672e-45","0.985294117647055","0.985294117647055","0.985294117647055","0.985294117647055","0.985294117647059","68","fourthirds_0.75","0.75","4.82924973823162e-47","9.09033166868298e-44","68","68"
