"","LLM","tau","var1","var2","var3","var4","var5","n","treatment","temperature"
"1","chatgpt4","0.562499901285482","0.961538461538461","4.03846153846154","4.61538461538461","5.11538461538462","0.961538461538462","26","onehalf_0.5","0.5"
"2","chatgpt4","2.54167628532483","0.970588235294118","6.61764705882353","8.02941176470588","8.38235294117647","0.970588235294118","34","twothirds_0.5","0.5"
"3","chatgpt4","1.32715662820259e-48","0.985294117647055","0.985294117647055","0.985294117647055","0.985294117647055","0.985294117647059","68","fourthirds_0.5","0.5"
"4","chatgpt4","0.562499877244647","0.961538461538461","4.03846153846154","4.61538461538461","5.11538461538462","0.961538461538462","26","onehalf_1","1"
"5","chatgpt4","2.38983119655675","0.970588235294118","6.61764705882353","7.76470588235294","8.23529411764706","0.970588235294118","34","twothirds_1","1"
"6","chatgpt4","6.75788023173231e-48","0.985294117647055","0.985294117647055","0.985294117647055","0.985294117647055","0.985294117647059","68","fourthirds_1","1"
"7","chatgpt4","0.562499805210543","0.961538461538461","4.03846153846154","4.61538461538461","5.11538461538462","0.961538461538462","26","onehalf_1.5","1.5"
"8","chatgpt4","2.38983103299176","0.970588235294118","6.61764705882353","7.76470588235294","8.23529411764706","0.970588235294118","34","twothirds_1.5","1.5"
"9","chatgpt4","1.48906432508672e-45","0.985294117647055","0.985294117647055","0.985294117647055","0.985294117647055","0.985294117647059","68","fourthirds_1.5","1.5"
