"","LLM","tau","treatment","temperature","ci_lower_tau","ci_upper_tau"
"1","claude2","1.1784496804516e-32","human decision maker__0.25","0.25","9.7489058409859e-37","4.46517152703634e-28"
"2","claude2","2.27943672912929e-22","human decision maker__0.5","0.5","2.7440647355865e-27","0.698617561445663"
"3","claude2","2.97361609504196e-22","human decision maker__0.75","0.75","4.43538063751669e-27","0.698885100518281"
