"","LLM","p0","p1","p2","p3","p4","p5","treatment","temperature","ci_lower_p0","ci_upper_p0","ci_lower_p1","ci_upper_p1","ci_lower_p2","ci_upper_p2","ci_lower_p3","ci_upper_p3","ci_lower_p4","ci_upper_p4","ci_lower_p5","ci_upper_p5"
"1","claude2","0.0142841768128824","0.138578372141008","0.138566809124458","4.9190956994477e-06","0.708560803729453","4.9190964996794e-06","human decision maker__0.25","0.25","2.40217197933768e-06","0.0428441480959856","0.0785738613338063","0.195789812735013","0.0857312871768538","0.198572922822314","2.85329080846245e-08","7.53609227896469e-06","0.629998443043877","0.780001369873607","2.85329026770398e-08","7.53608531984576e-06"
"2","claude2","0.149996304266918","0.234977310041989","0.175001598942442","0.00499465152387158","0.435020371873217","9.76335156334438e-06","human decision maker__0.5","0.5","0.0667125613663835","0.216663391965449","0.164313802203565","0.310009018285283","0.111462693893439","0.241440905131541","1.54839872618469e-06","0.0316679385641511","0.349878747019609","0.528213484368352","1.4568166809723e-06","1.40806092394663e-05"
"3","claude2","0.257072582081425","0.244426109356557","0.184372547298763","3.81070704044463e-06","0.314121139867411","3.81068880246687e-06","human decision maker__0.75","0.75","0.171383012753141","0.35712501215605","0.167142965201422","0.315782138824331","0.117160565235284","0.255829008013168","1.06542627076143e-06","8.17132538537311e-06","0.232848057158339","0.398583130961216","1.06542296558734e-06","8.17133326575895e-06"
