"","LLM","tau","var1","var2","var3","var4","var5","n","treatment","temperature","ci_lower_tau","ci_upper_tau","ci_lower_n","ci_upper_n"
"1","claude2","1.11292786317067e-48","0.961538461538461","0.961538461538461","0.961538461538461","0.961538461538461","0.961538461538462","26","onehalf_0.25","0.25","1.11292786317067e-48","1.11292786317067e-48","26","26"
"2","claude2","0.987852960884796","0.970588235294118","4.94117647058824","6.11764705882353","6.61764705882353","0.970588235294118","34","twothirds_0.25","0.25","0.987852960884796","0.987852960884796","34","34"
"3","claude2","1.11292470004393e-48","0.985294117647055","0.985294117647055","0.985294117647055","0.985294117647055","0.985294117647059","68","fourthirds_0.25","0.25","1.11292470004393e-48","1.11292470004393e-48","68","68"
"4","claude2","1.11292786317067e-48","0.961538461538461","0.961538461538461","0.961538461538461","0.961538461538461","0.961538461538462","26","onehalf_0.5","0.5","1.11292786317067e-48","1.11292786317067e-48","26","26"
"5","claude2","0.905739356635833","0.970588235294118","4.94117647058824","6.11764705882353","6.11764705882353","0.970588235294118","34","twothirds_0.5","0.5","0.866030511681638","0.946895128758751","34","34"
"6","claude2","1.11292470004393e-48","0.985294117647055","0.985294117647055","0.985294117647055","0.985294117647055","0.985294117647059","68","fourthirds_0.5","0.5","1.11292470004393e-48","1.11292470004393e-48","68","68"
"7","claude2","1.11292786317067e-48","0.961538461538461","0.961538461538461","0.961538461538461","0.961538461538461","0.961538461538462","26","onehalf_0.75","0.75","1.11292786317067e-48","1.11292786317067e-48","26","26"
"8","claude2","0.916022794443204","0.970588235294118","4.94117647058824","6.11764705882353","6.11764705882353","0.970588235294118","34","twothirds_0.75","0.75","0.876348741213111","0.957193319096019","34","34"
"9","claude2","1.11292470004393e-48","0.985294117647055","0.985294117647055","0.985294117647055","0.985294117647055","0.985294117647059","68","fourthirds_0.75","0.75","1.11292470004393e-48","1.11292470004393e-48","68","68"
