"","LLM","p0","p1","p2","p3","p4","p5","treatment","temperature","ci_lower_p0","ci_upper_p0","ci_lower_p1","ci_upper_p1","ci_lower_p2","ci_upper_p2","ci_lower_p3","ci_upper_p3","ci_lower_p4","ci_upper_p4","ci_lower_p5","ci_upper_p5"
"1","gemini2","0.0428485822601679","0.075721070358963","0.56573348826975","4.06664129588655e-06","4.06664129588655e-06","0.315688725828527","human decision maker_human decision maker_0.5","0.5","0.0134254961862496","0.0857086672734465","0.034272101139016","0.124296145257217","0.487144858807757","0.64857031879402","6.04684949196097e-07","7.95706826350137e-06","6.04684949196097e-07","7.95706768133605e-06","0.233960148253768","0.388573914530731"
"2","gemini2","0.214253719485783","0.0185740686362055","0.738580550193991","7.02513397770964e-06","7.02513282083993e-06","0.0285776114172221","human decision maker_human decision maker_0.25","0.25","0.128580173239338","0.288295201301923","3.54937153884462e-06","0.0556717544719004","0.661429745465466","0.814326377165157","8.00225642825562e-07","7.44262460162168e-06","8.0007542387181e-07","7.44260655911982e-06","1.15184242807591e-05","0.0700778591215862"
"3","gemini2","1.16592217058731e-06","0.0799986183079809","0.920000186448013","9.77394525497392e-09","9.77394525497392e-09","9.77394525497394e-09","human decision maker_human decision maker_0.75","0.75","5.60379175734704e-07","7.25324726927323e-06","0.0399996786338581","0.119999393415439","0.879999429492078","0.95999849809385","2.79085207029193e-09","8.58888685216616e-08","2.79085207029192e-09","8.58888685216616e-08","2.79085207029192e-09","8.58888685216616e-08"
