"","LLM","tau","var1","var2","var3","var4","var5","n","treatment","temperature","ci_lower_tau","ci_upper_tau","ci_lower_n","ci_upper_n"
"1","claude3","2.59169551703646","0.970588235294118","6.61764705882353","8.02941176470588","8.38235294117647","0.970588235294118","34","median_0.25","0.25","2.44859453122079","2.86685942306964","34","34"
"2","claude3","2.86685966717851","0.970588235294118","6.61764705882353","8.02941176470588","8.47058823529412","0.970588235294118","34","median_0.5","0.5","2.65460439420984","2.87509196023992","34","34"
"3","claude3","0.987852960884796","0.970588235294118","4.94117647058824","6.11764705882353","6.61764705882353","0.970588235294118","34","median_0.75","0.75","0.987852960884796","0.987852960884796","34","34"
