"","LLM","p0","p1","p2","p3","p4","p5","var1","var2","var3","var4","var5","n","treatment","temperature","ci_lower_p0","ci_upper_p0","ci_lower_p1","ci_upper_p1","ci_lower_p2","ci_upper_p2","ci_lower_p3","ci_upper_p3","ci_lower_p4","ci_upper_p4","ci_lower_p5","ci_upper_p5","ci_lower_n","ci_upper_n"
"1","claude3","0","1.31560545069188e-25","1","9.94415332072617e-22","1.1990586609053e-27","1.22025905917184e-28","0.970588235294118","7.76470588235294","8.38235294117647","7.05882352941176","0.970588235294118","34","median_0.25","0.25","0","1.04500708268506e-05","3.01071366423066e-29","0.110418409681666","0.721993814605574","1","1.39374682008781e-25","0.174123551080489","2.97316978989812e-30","9.17566193159985e-08","5.2801508755321e-31","4.36188607516558e-08","33.9991111491332","33.9991111491332"
"2","claude3","0","4.31088413277395e-26","1","3.43401508915281e-19","4.03511279352633e-27","3.16545135074237e-28","0.970588235294118","7.76470588235294","8.38235294117647","7.05882352941176","0.970588235294118","34","median_0.5","0.5","0","1.11022302462516e-16","1.41746466437487e-29","1.77823684539408e-22","0.999999999999949","1","1.12579533658972e-23","5.1368589532136e-14","5.74171137517688e-30","9.92778804699635e-24","1.06203395668421e-30","2.13496384908087e-25","33.9991966619279","33.9991966619279"
"3","claude3","0","1","3.88789504627614e-43","3.8808616421467e-43","3.8808616421467e-43","3.8808616421467e-43","0.970588235294118","7.76470588235294","8.38235294117647","7.05882352941176","0.970588235294118","34","median_0.75","0.75","0","0","1","1","3.88789504627614e-43","3.88789504627614e-43","3.8808616421467e-43","3.8808616421467e-43","3.8808616421467e-43","3.8808616421467e-43","3.8808616421467e-43","3.8808616421467e-43","34.0081147308917","34.0081147308917"
