"","LLM","p0","p1","p2","p3","p4","p5","treatment","temperature","ci_lower_p0","ci_upper_p0","ci_lower_p1","ci_upper_p1","ci_lower_p2","ci_upper_p2","ci_lower_p3","ci_upper_p3","ci_lower_p4","ci_upper_p4","ci_lower_p5","ci_upper_p5"
"1","chatgpto1","3.22683010756109e-07","0.279999085367843","0.720000397756417","6.47309097507711e-08","6.47309097507712e-08","6.47309097507706e-08","human decision maker_human decision maker_1","1","3.08994634901083e-07","6.38179355200163e-07","0.209998962731002","0.350046515781645","0.649951817598509","0.790000476097309","6.24668084798863e-08","2.24376174343062e-07","6.24668084798863e-08","2.24376174343062e-07","6.24668084798864e-08","2.24376174343062e-07"
