"","LLM","p0","p1","p2","p3","p4","p5","var1","var2","var3","var4","var5","n","treatment","temperature","ci_lower_p0","ci_upper_p0","ci_lower_p1","ci_upper_p1","ci_lower_p2","ci_upper_p2","ci_lower_p3","ci_upper_p3","ci_lower_p4","ci_upper_p4","ci_lower_p5","ci_upper_p5","ci_lower_n","ci_upper_n"
"1","gemini1","0.999999082113841","4.88125497649396e-08","7.14946161373035e-07","5.6486630357482e-08","4.88282680385489e-08","4.88125497649396e-08","0.970588235294118","7.76470588235294","8.38235294117647","7.05882352941176","0.970588235294118","34","median_0.5","0.5","0.999989318032985","0.999999682879261","4.881205094589e-08","4.88125957386621e-08","1.19430852868231e-07","1.04701327538967e-05","5.12471029401531e-08","6.5366578379673e-08","4.88177458068013e-08","4.8843514445327e-08","4.881205094589e-08","4.88125957386621e-08","33.9983178884659","33.9983178884659"
"2","gemini1","0.999999682879261","4.88125069491471e-08","1.19430852868231e-07","5.12471262446607e-08","4.88177458068013e-08","4.88125069491471e-08","0.970588235294118","7.76470588235294","8.38235294117647","7.05882352941176","0.970588235294118","34","median_0.25","0.25","0.999999082113916","0.999999755937359","4.88125069491471e-08","4.88125957386622e-08","4.88125271633706e-08","7.14946161372664e-07","4.88125327127128e-08","5.64866367792722e-08","4.88125271633706e-08","4.88282624874177e-08","4.88125069491471e-08","4.88125957386622e-08","33.9983178884772","33.9983178884772"
"3","gemini1","0.999999082113932","4.88125442155963e-08","7.14946080093034e-07","5.64866367792741e-08","4.88282624874186e-08","4.88125442155963e-08","0.970588235294118","7.76470588235294","8.38235294117647","7.05882352941176","0.970588235294118","34","median_0.75","0.75","0.999989318023235","0.999999682879261","4.8812006275876e-08","4.88125957386621e-08","1.19430852868231e-07","1.04701422763928e-05","5.12471029401531e-08","6.53666671855485e-08","4.88177458068013e-08","4.88435144452809e-08","4.8812006275876e-08","4.88125957386621e-08","33.9983178885907","33.9983178885907"
