"","LLM","tau","var1","var2","var3","var4","var5","n","treatment","temperature","ci_lower_tau","ci_upper_tau","ci_lower_n","ci_upper_n"
"1","gemini1","7.66160364505011e-46","0.970588235294118","0.970588235294118","0.970588235294118","0.970588235294118","0.970588235294118","34","median_0.5","0.5","9.82693056789933e-48","5.27439190174006e-43","34","34"
"2","gemini1","9.82693056789933e-48","0.970588235294118","0.970588235294118","0.970588235294118","0.970588235294118","0.970588235294118","34","median_0.25","0.25","1.11292786317067e-48","7.66160364505011e-46","34","34"
"3","gemini1","7.66160364505011e-46","0.970588235294118","0.970588235294118","0.970588235294118","0.970588235294118","0.970588235294118","34","median_0.75","0.75","9.82693056789933e-48","5.27439130211116e-43","34","34"
