"","LLM","tau","var1","var2","var3","var4","var5","n","treatment","temperature","ci_lower_tau","ci_upper_tau","ci_lower_n","ci_upper_n"
"1","chatgpto1","4.00809082171336","0.970588259927023","7.05882354244074","8.3823529493422","8.47058824108477","0.970588235316737","34.0000000261484","median_1","1","3.16082012879926e-07","4.85680311679649","34.0000000020464","34.0000000447783"
