"","LLM","p0","p1","p2","p3","p4","p5","var1","var2","var3","var4","var5","n","treatment","temperature","ci_lower_p0","ci_upper_p0","ci_lower_p1","ci_upper_p1","ci_lower_p2","ci_upper_p2","ci_lower_p3","ci_upper_p3","ci_lower_p4","ci_upper_p4","ci_lower_p5","ci_upper_p5","ci_lower_n","ci_upper_n"
"1","chatgpto1","3.01254634393899e-06","1.42604790991608e-08","0.34707022359696","0.274016922058695","0.118909901969669","0.259999925567853","0.970591475177063","7.76470732230092","8.38235361057377","7.05882382692168","0.970588238269217","34.0000034392149","median_1","1","7.99057991723862e-07","3.99015768362209e-05","2.81909951536106e-11","1.10244405134896e-06","0.254420205104475","0.439702051092617","0.154014519224437","0.401355879157242","0.0338548118620165","0.205030503354502","0.189996772682655","0.329995358722661","33.999504071607","33.999504071607"
