"","LLM","p0","p1","p2","p3","p4","p5","var1","var2","var3","var4","var5","n","treatment","temperature","ci_lower_p0","ci_upper_p0","ci_lower_p1","ci_upper_p1","ci_lower_p2","ci_upper_p2","ci_lower_p3","ci_upper_p3","ci_lower_p4","ci_upper_p4","ci_lower_p5","ci_upper_p5","ci_lower_n","ci_upper_n"
"1","gemini2","0","5.79870446229354e-37","1","2.56146248854808e-32","6.52716789802647e-37","5.79870446229354e-37","0.970588235294118","7.76470588235294","8.38235294117647","7.05882352941176","0.970588235294118","34","median_0.5","0.5","0","0","7.40186499986012e-38","4.98628305746364e-36","1","1","4.56832642692445e-34","1.72149885513901e-30","7.87945643251521e-38","6.01643566471484e-36","7.40186499986012e-38","4.98628304326798e-36","33.9983178896576","33.9983178896576"
"2","gemini2","0","2.47670138847163e-38","1","5.23195293335893e-35","2.57143552167188e-38","2.47670138847163e-38","0.970588235294118","7.76470588235294","8.38235294117647","7.05882352941176","0.970588235294118","34","median_0.25","0.25","0","0","8.94619767713518e-39","6.85660102210349e-38","1","1","7.06367107433751e-36","3.87522649127262e-34","9.20093805982037e-39","7.18652921581527e-38","8.94619767713518e-39","6.85660102210349e-38","33.9983178896519","33.9983178896519"
"3","gemini2","0","9.55529596189346e-35","1","1.1431288146771e-28","1.27942795454654e-34","8.93693378309718e-35","0.970588235294118","7.76470588235294","8.38235294117647","7.05882352941176","0.970588235294118","34","median_0.75","0.75","0","0","4.27813865711706e-36","2.65299309591495e-33","1","1","2.90690042278648e-31","5.55136748895691e-26","4.8565501145386e-36","4.14070382409407e-33","3.9208291813709e-36","2.46770461068395e-33","33.998327908311","33.998327908311"
