"","LLM","tau","var1","var2","var3","var4","var5","n","treatment","temperature","ci_lower_tau","ci_upper_tau","ci_lower_n","ci_upper_n"
"1","gemini2","2.45902191631596","0.970588235294118","6.61764705882353","8.02941176470588","8.23529411764706","0.970588235294118","34","median_0.5","0.5","2.459021607438","2.91683720399588","34","34"
"2","gemini2","2.86685802202447","0.970588235294118","6.61764705882353","8.02941176470588","8.38235294117647","0.970588235294118","34","median_0.25","0.25","2.44859404304458","2.86685847548992","34","34"
"3","gemini2","2.86685643802559","0.970588235294118","6.61764705882353","8.02941176470588","8.38235294117647","0.970588235294118","34","median_0.75","0.75","2.45902214668631","2.86685845500424","34","34"
