"","LLM","p0","p1","p2","p3","p4","p5","treatment","temperature","ci_lower_p0","ci_upper_p0","ci_lower_p1","ci_upper_p1","ci_lower_p2","ci_upper_p2","ci_lower_p3","ci_upper_p3","ci_lower_p4","ci_upper_p4","ci_lower_p5","ci_upper_p5"
"1","claude2","0.0124927841528228","0.138752406260167","0.848748670840803","2.04625185554783e-06","2.04624249642651e-06","2.04625185554785e-06","human decision maker__0.25","0.25","3.50692253814344e-07","0.0374874285659293","0.0799986322557229","0.197485877566513","0.788747900562195","0.908750539310588","3.73964212326952e-09","3.49899269187757e-06","3.73964212326951e-09","3.49899269187758e-06","3.73964212326951e-09","3.4989929807911e-06"
"2","claude2","0.1683501769943","0.225603242423936","0.498301320370835","0.0134629363839468","0.0942757162712252","6.60755575683193e-06","human decision maker__0.5","0.5","0.0841752913991217","0.252520605107015","0.154800373791697","0.296282150507634","0.417433466436598","0.580085431613388","3.05372015194279e-06","0.0488182462758576","0.0454550990905264","0.151509472282262","1.93272369760887e-06","1.56061039786649e-05"
"3","claude2","0.319144666859668","0.180843487119211","0.361704006177836","0.0531854875710298","0.0851027888884356","1.95633838191755e-05","human decision maker__0.75","0.75","0.212658912398864","0.425485103629341","0.111725306755377","0.255332974403728","0.276666094524598","0.450354421578995","0.00717896709893613","0.106441942033086","0.0265997979053366","0.141846952682444","3.6931642230653e-06","0.0149528844825281"
