"","LLM","tau","treatment","temperature","ci_lower_tau","ci_upper_tau"
"1","claude2","1.72529934800162","human decision maker__0.25","0.25","1.65142303692593","1.78881951436835"
"2","claude2","1.21312569089627","human decision maker__0.5","0.5","0.999999699332928","1.37873180512498"
"3","claude2","1.07194230474281","human decision maker__0.75","0.75","0.886718217379099","1.28918822002841"
